{"cameraMode":{"drawMode":0,"name":"Shaded","section":"Shading Mode"},"sceneLighting":false,"audioPlay":false,"sceneViewState":{"m_AlwaysRefresh":false,"showFog":true,"showSkybox":false,"showFlares":true,"showImageEffects":true,"showParticleSystems":true,"showVisualEffectGraphs":true,"m_FxEnabled":true},"in2DMode":false,"pivot":{"x":0.2382199764251709,"y":0.6832215785980225,"z":0.15576589107513429},"rotation":{"x":-0.16873709857463838,"y":0.4955909550189972,"z":-0.09881637990474701,"w":-0.846262514591217},"size":1.8497424125671387,"orthographic":false}