{"cameraMode":{"drawMode":0,"name":"Shaded","section":"Shading Mode"},"sceneLighting":false,"audioPlay":false,"sceneViewState":{"m_AlwaysRefresh":false,"showFog":true,"showSkybox":false,"showFlares":true,"showImageEffects":true,"showParticleSystems":true,"showVisualEffectGraphs":true,"m_FxEnabled":true},"in2DMode":false,"pivot":{"x":-0.20983712375164033,"y":1.604621410369873,"z":-0.21791353821754456},"rotation":{"x":-0.43028247356414797,"y":-0.47885677218437197,"z":0.2911633551120758,"w":-0.7076561450958252},"size":0.22883182764053346,"orthographic":false}