{"cameraMode":{"drawMode":0,"name":"Shaded","section":"Shading Mode"},"sceneLighting":false,"audioPlay":false,"sceneViewState":{"m_AlwaysRefresh":false,"showFog":true,"showSkybox":false,"showFlares":true,"showImageEffects":true,"showParticleSystems":true,"showVisualEffectGraphs":true,"m_FxEnabled":true},"in2DMode":false,"pivot":{"x":-0.0002422332763671875,"y":1.7042808532714844,"z":0.017881393432617189},"rotation":{"x":0.2958284020423889,"y":0.37075912952423098,"z":-0.1258811354637146,"w":0.8713086843490601},"size":4.921419143676758,"orthographic":false}